source,run,N_rpm,omega_rad_s,torque_Nm,T_K,rho_kgm3,mu_Pas,P_w_W,P_w_reported_W,Re_Omega,Cp,Pi_gap,Pi_confinement,Pi_aspect_axial,R_m,R_chamber_m,gap_radial_m,h_rotor_m,P_w_pct_diff
Gorland1970,gap_0.0565in,241,25.237460983838005,0.00173318727686,297.59444444444443,1.164282980185225,1.8345115189102507e-05,0.04374124627743869,0.043738,37200.92171490925,0.056859204975427714,0.009416666666666667,0.9906711797242632,0.9833333333333334,0.15239999999999998,0.15383509999999997,0.0014351,0.14986,0.007422098492588811
Gorland1970,gap_0.0565in,483,50.57964172279567,0.00433296819215,297.59444444444443,1.164282980185225,1.8345115189102507e-05,0.21915997875521667,0.2191,74556.20410083473,0.03539000428843427,0.009416666666666667,0.9906711797242632,0.9833333333333334,0.15239999999999998,0.15383509999999997,0.0014351,0.14986,0.027375059432534484
Gorland1970,gap_0.0565in,735,76.96902001294993,0.0086659363843,297.59444444444443,1.164282980185225,1.8345115189102507e-05,0.6670086309941377,0.66697,113455.09319692239,0.030565407785439563,0.009416666666666667,0.9906711797242632,0.9833333333333334,0.15239999999999998,0.15383509999999997,0.0014351,0.14986,0.005792013754396832
Gorland1970,gap_0.0565in,975,102.10176124166829,0.0138632385183,297.59444444444443,1.164282980185225,1.8345115189102507e-05,1.4154610692317657,1.415,150501.65424081543,0.027787203382706814,0.009416666666666667,0.9906711797242632,0.9833333333333334,0.15239999999999998,0.15383509999999997,0.0014351,0.14986,0.032584398004642995
Gorland1970,gap_0.0565in,1220,127.75810124598493,0.0190605406523,297.59444444444443,1.164282980185225,1.8345115189102507e-05,2.435138482459755,2.554,188320.0186397896,0.02440084856925708,0.009416666666666667,0.9906711797242632,0.9833333333333334,0.15239999999999998,0.15383509999999997,0.0014351,0.14986,-4.653935690690868
Gorland1970,gap_0.0565in,1457,152.57668320934428,0.0259978091529,297.59444444444443,1.164282980185225,1.8345115189102507e-05,3.9666594912590143,3.9718,224903.49767063395,0.023334958003450673,0.009416666666666667,0.9906711797242632,0.9833333333333334,0.15239999999999998,0.15383509999999997,0.0014351,0.14986,-0.12942516594455172
Gorland1970,gap_0.0565in,1714,179.48966027509684,0.0311951112869,297.59444444444443,1.164282980185225,1.8345115189102507e-05,5.59919992712952,5.5988,264574.1901218027,0.02023272039905557,0.009416666666666667,0.9906711797242632,0.9833333333333334,0.15239999999999998,0.15383509999999997,0.0014351,0.14986,0.007143086545697785
Gorland1970,gap_0.0565in,1954,204.62240150381518,0.039861047671199995,297.59444444444443,1.164282980185225,1.8345115189102507e-05,8.156463300939002,8.1559,301620.7511656958,0.01989248165282378,0.009416666666666667,0.9906711797242632,0.9833333333333334,0.15239999999999998,0.15383509999999997,0.0014351,0.14986,0.006906668044009434
Gorland1970,gap_0.0565in,2194,229.75514273253353,0.048526984055499996,297.59444444444443,1.164282980185225,1.8345115189102507e-05,11.14932414805078,11.148,338667.31220958877,0.01920876441410236,0.009416666666666667,0.9906711797242632,0.9833333333333334,0.15239999999999998,0.15383509999999997,0.0014351,0.14986,0.01187789783621142
Gorland1970,gap_0.0565in,2462,257.82003710460236,0.0580629036231,297.59444444444443,1.164282980185225,1.8345115189102507e-05,14.969779966508593,14.9688,380035.972041936,0.01825206593492001,0.009416666666666667,0.9906711797242632,0.9833333333333334,0.15239999999999998,0.15383509999999997,0.0014351,0.14986,0.00654672724996808
Gorland1970,gap_0.0565in,2710,283.790536374278,0.0684575078911,297.59444444444443,1.164282980185225,1.8345115189102507e-05,19.42759288326164,19.426,418317.4184539588,0.01776118260078409,0.009416666666666667,0.9906711797242632,0.9833333333333334,0.15239999999999998,0.15383509999999997,0.0014351,0.14986,0.008199749107589365
Gorland1970,gap_0.0565in,2964,310.3893541746716,0.07886341064199999,297.59444444444443,1.164282980185225,1.8345115189102507e-05,24.4783630971823,24.477,457525.02889207896,0.017104427103730585,0.009416666666666667,0.9906711797242632,0.9833333333333334,0.15239999999999998,0.15383509999999997,0.0014351,0.14986,0.005568889906030559
Gorland1970,gap_0.0565in,3214,336.5692929545865,0.0909979812766,298.15,1.1621135222684695,1.8371493734583912e-05,30.62712621855996,30.625,494479.7488896944,0.01681664603872453,0.009416666666666667,0.9906711797242632,0.9833333333333334,0.15239999999999998,0.15383509999999997,0.0014351,0.14986,0.006942754481507777
Gorland1970,gap_0.0565in,3456,361.91147369354417,0.10312125342829999,298.15,1.1621135222684695,1.8371493734583912e-05,37.32076479736149,37.318,531711.889285247,0.016481627164981798,0.009416666666666667,0.9906711797242632,0.9833333333333334,0.15239999999999998,0.15383509999999997,0.0014351,0.14986,0.007408750097789982
Gorland1970,gap_0.0565in,3700,387.4630939427412,0.1152558240629,298.15,1.1621135222684695,1.8371493734583912e-05,44.65737818633147,44.655,569251.7333204322,0.016071588426787516,0.009416666666666667,0.9906711797242632,0.9833333333333334,0.15239999999999998,0.15383509999999997,0.0014351,0.14986,0.005325688795139578
Gorland1970,gap_0.0565in,3939,412.4911154163399,0.1282603778808,298.15,1.1621135222684695,1.8371493734583912e-05,52.906266335772436,52.903,606022.3182565358,0.015780469622278283,0.009416666666666667,0.9906711797242632,0.9833333333333334,0.15239999999999998,0.15383509999999997,0.0014351,0.14986,0.006174197630450827
Gorland1970,gap_0.0565in,4229,442.8598444010412,0.14563744458099998,298.7055555555555,1.1599521342009405,1.8397848412234544e-05,64.49697604610691,64.493,648498.9380258893,0.015574192419603398,0.009416666666666667,0.9906711797242632,0.9833333333333334,0.15239999999999998,0.15383509999999997,0.0014351,0.14986,0.006165081647486704
Gorland1970,gap_0.0565in,4475,468.62090416047744,0.161229350983,298.7055555555555,1.1599521342009405,1.8397848412234544e-05,75.55544423486043,75.55,686221.9786393603,0.015398055578707942,0.009416666666666667,0.9906711797242632,0.9833333333333334,0.15239999999999998,0.15383509999999997,0.0014351,0.14986,0.007206134825193904
Gorland1970,gap_0.0565in,4800,502.6548245743669,0.18201855951899998,298.7055555555555,1.1599521342009405,1.8397848412234544e-05,91.4925071043019,91.487,736059.3290433363,0.015109185553159219,0.009416666666666667,0.9906711797242632,0.9833333333333334,0.15239999999999998,0.15383509999999997,0.0014351,0.14986,0.006019548462512029
Gorland1970,gap_0.0565in,5109,535.0132289063417,0.205406419122,298.7055555555555,1.1599521342009405,1.8397848412234544e-05,109.89515153255056,109.716,783443.148350501,0.015050470006003278,0.009416666666666667,0.9906711797242632,0.9833333333333334,0.15239999999999998,0.15383509999999997,0.0014351,0.14986,0.16328660591943092
Gorland1970,gap_0.0565in,5406,566.1149961768807,0.22709950628999998,299.26111111111106,1.1577987710394484,1.8424179274770107e-05,128.56443613513483,128.556,826265.3234506347,0.01488946001496732,0.009416666666666667,0.9906711797242632,0.9833333333333334,0.15239999999999998,0.15383509999999997,0.0014351,0.14986,0.006562225905298083
Gorland1970,gap_0.0565in,5709,597.8450819781376,0.251278259696,299.26111111111106,1.1577987710394484,1.8424179274770107e-05,150.22547176727886,150.216,872576.531923728,0.0147723527620023,0.009416666666666667,0.9906711797242632,0.9833333333333334,0.15239999999999998,0.15383509999999997,0.0014351,0.14986,0.006305431697591035
Gorland1970,gap_0.0565in,6006,628.9468492486766,0.276473876563,299.81666666666666,1.1556533881739202,1.845048637474419e-05,173.88737356386636,173.876,914963.2645253853,0.01471308601956028,0.009416666666666667,0.9906711797242632,0.9833333333333334,0.15239999999999998,0.15383509999999997,0.0014351,0.14986,0.0065411924971571795
Gorland1970,gap_0.0565in,6410,671.2536303170192,0.3163575212,299.81666666666666,1.1556533881739202,1.845048637474419e-05,212.35613458359336,212.34,976509.2450229306,0.014780272215474276,0.009416666666666667,0.9906711797242632,0.9833333333333334,0.15239999999999998,0.15383509999999997,0.0014351,0.14986,0.007598466418647431
Gorland1970,gap_0.0565in,6809,713.0368126097634,0.353529529941,300.3722222222222,1.153515941324319,1.8476769764548863e-05,252.07956919255855,251.73,1033902.1530502463,0.01466504335992557,0.009416666666666667,0.9906711797242632,0.9833333333333334,0.15239999999999998,0.15383509999999997,0.0014351,0.14986,0.13886671932569095
Gorland1970,gap_0.0565in,7201,754.08695661667,0.39431705321,300.92777777777775,1.1513863865375962,1.8503029496415146e-05,297.34934659718243,297.33,1089857.23601107,0.014651657980969906,0.009416666666666667,0.9906711797242632,0.9833333333333334,0.15239999999999998,0.15383509999999997,0.0014351,0.14986,0.006506776034186938
Gorland1970,gap_0.0565in,7605,796.3937376850125,0.436799348914,301.4833333333333,1.1492646801846789,1.852926562241358e-05,347.8642661000004,347.84,1147254.1126301195,0.014578451968789855,0.009416666666666667,0.9906711797242632,0.9833333333333334,0.15239999999999998,0.15383509999999997,0.0014351,0.14986,0.006976224701136107
Gorland1970,gap_0.0565in,7964,833.9881297729704,0.47227658521999993,302.59444444444443,1.1450446398660097,1.858166726428959e-05,393.87306604319264,393.85,1193623.9996702268,0.014426448121128387,0.009416666666666667,0.9906711797242632,0.9833333333333334,0.15239999999999998,0.15383509999999997,0.0014351,0.14986,0.00585655533645143
Gorland1970,gap_0.0565in,8650,905.8258817850569,0.552834768297,304.26111111111106,1.1387723702153116,1.8660093975686832e-05,500.77204147406763,500.74,1283919.3797914167,0.01439375601412175,0.009416666666666667,0.9906711797242632,0.9833333333333334,0.15239999999999998,0.15383509999999997,0.0014351,0.14986,0.006398824553186401
Gorland1970,gap_0.0565in,9028,945.4099492202884,0.601418244767,305.3722222222222,1.1346288936922508,1.8712261880562167e-05,568.5867922453244,568.55,1331427.9031456304,0.014427383758817703,0.009416666666666667,0.9906711797242632,0.9833333333333334,0.15239999999999998,0.15383509999999997,0.0014351,0.14986,0.006471241812413568
Gorland1970,gap_0.0565in,9519,996.8273489840414,0.6603963255049999,307.0388888888889,1.128469907894077,1.879033990146568e-05,658.3011184319512,658.26,1390417.4997432758,0.014327814055538414,0.009416666666666667,0.9906711797242632,0.9833333333333334,0.15239999999999998,0.15383509999999997,0.0014351,0.14986,0.006246533581136688
Gorland1970,gap_0.0565in,9994,1046.5692326658798,0.723554844916,308.15,1.1244009302753342,1.8842276613563408e-05,757.2502388354177,757.2,1450526.6694958783,0.014292871662185316,0.009416666666666667,0.9906711797242632,0.9833333333333334,0.15239999999999998,0.15383509999999997,0.0014351,0.14986,0.006634817144432728
Gorland1970,gap_0.0565in,10569,1106.7830918596842,0.795526180989,310.3722222222222,1.1163503749902797,1.8945875115873734e-05,880.4749262503321,880.42,1514670.9712153045,0.014152529970997215,0.009416666666666667,0.9906711797242632,0.9833333333333334,0.15239999999999998,0.15383509999999997,0.0014351,0.14986,0.00623864182233332
Gorland1970,gap_0.0565in,11154,1168.044148604685,0.8769882426979999,312.59444444444443,1.1084142818984832,1.9049109699604303e-05,1024.3609852785041,1024.3,1578543.7474425456,0.014108417483019388,0.009416666666666667,0.9906711797242632,0.9833333333333334,0.15239999999999998,0.15383509999999997,0.0014351,0.14986,0.00595384931213284
Gorland1970,gap_0.0565in,11725,1227.8391287780107,0.9593541830389999,314.81666666666666,1.1005902271089338,1.9151983503649798e-05,1177.932604292146,1177.86,1638789.9670940025,0.014066159683718403,0.009416666666666667,0.9906711797242632,0.9833333333333334,0.15239999999999998,0.15383509999999997,0.0014351,0.14986,0.006164085047970457
Gorland1970,gap_0.0565in,12440,1302.7137536885675,1.06318724089,317.59444444444443,1.090964129647908,1.928007313240756e-05,1385.0286414536033,1385.5,1712066.8837468484,0.013970323042427775,0.009416666666666667,0.9906711797242632,0.9833333333333334,0.15239999999999998,0.15383509999999997,0.0014351,0.14986,-0.034020826156383
Gorland1970,gap_0.0565in,13175,1379.6827737015176,1.1725565553619999,320.92777777777775,1.079632773029272,1.9433051374560048e-05,1617.7560806237411,1617.65,1780263.2896939474,0.01388047782169298,0.009416666666666667,0.9906711797242632,0.9833333333333334,0.15239999999999998,0.15383509999999997,0.0014351,0.14986,0.006557699362719754
Gorland1970,gap_0.0565in,13898,1455.3951566530313,1.2885919747449999,324.26111111111106,1.0685343841482682,1.958524358243952e-05,1875.410518945838,1875.3,1844210.0478457753,0.013850652407989612,0.009416666666666667,0.9906711797242632,0.9833333333333334,0.15239999999999998,0.15383509999999997,0.0014351,0.14986,0.005893400833896786
Gorland1970,gap_0.0565in,14617,1530.6886605840668,1.410841559723,328.15,1.0558712377398878,1.976182098499412e-05,2159.5591773487345,2159.4,1899506.5602729814,0.013873904968913851,0.009416666666666667,0.9906711797242632,0.9833333333333334,0.15239999999999998,0.15383509999999997,0.0014351,0.14986,0.007371369303249717
Gorland1970,gap_0.0565in,15337,1606.0868842702218,1.531283387437,332.59444444444443,1.0417616783801085,1.9962350167229176e-05,2459.374164663442,2459.2,1946684.9790680723,0.0138629061404017,0.009416666666666667,0.9906711797242632,0.9833333333333334,0.15239999999999998,0.15383509999999997,0.0014351,0.14986,0.007082167511479252
Gorland1970,gap_0.0565in,16268,1703.5809762866252,1.6716105450549998,337.0388888888889,1.028024237222575,2.016154256589958e-05,2847.723924315814,2847.5,2017494.2823554054,0.013630486138499017,0.009416666666666667,0.9906711797242632,0.9833333333333334,0.15239999999999998,0.15383509999999997,0.0014351,0.14986,0.00786389168794387
Gorland1970,gap_0.0565in,17242,1805.5780177731738,1.7999613107989998,342.0388888888889,1.012996351934997,2.0384063642447188e-05,3249.9705756208614,3249.8,2084026.8380428832,0.013259523950377416,0.009416666666666667,0.9906711797242632,0.9833333333333334,0.15239999999999998,0.15383509999999997,0.0014351,0.14986,0.005248803645184323
Gorland1970,gap_0.0565in,18432,1930.194526365569,1.9974587918909998,349.81666666666666,0.9904735242203369,2.072697227827057e-05,3855.48402674879,3853.3,2142288.805152511,0.013168550044193848,0.009416666666666667,0.9906711797242632,0.9833333333333334,0.15239999999999998,0.15383509999999997,0.0014351,0.14986,0.05667938517088261
Gorland1970,gap_0.0565in,19657,2058.476226387152,2.182076002477,357.59444444444443,0.9689304519331637,2.1066040279270524e-05,4491.751575268817,4491.5,2199001.2929058345,0.012929767548934082,0.009416666666666667,0.9906711797242632,0.9833333333333334,0.15239999999999998,0.15383509999999997,0.0014351,0.14986,0.005601141463138159
Gorland1970,gap_0.0565in,20852,2183.6163337551457,2.384883770532,366.4833333333333,0.9454294783692143,2.1448980884895245e-05,5207.671155441233,5207.5,2235469.482518502,0.012870356327878878,0.009416666666666667,0.9906711797242632,0.9833333333333334,0.15239999999999998,0.15383509999999997,0.0014351,0.14986,0.0032867103453320776
Gorland1970,gap_0.0565in,22070,2311.164995490891,2.566902330051,376.4833333333333,0.9203173579999403,2.1874150081924394e-05,5932.534812057877,5932.0,2258433.519096821,0.01270325421785854,0.009416666666666667,0.9906711797242632,0.9833333333333334,0.15239999999999998,0.15383509999999997,0.0014351,0.14986,0.009015712371500147
Gorland1970,gap_0.116in,270,28.274333882308138,0.0017286678836999998,296.4833333333333,1.1559133346282615,1.829228628297114e-05,0.04887693291535681,0.04888,41497.27704498819,0.04550998433961454,0.019333333333333338,0.9810333551340746,0.9833333333333334,0.15239999999999998,0.15534639999999997,0.0029464,0.14986,-0.006274723083450738
Gorland1970,gap_0.116in,515,53.93067388662478,0.00432166970925,296.4833333333333,1.1559133346282615,1.829228628297114e-05,0.2330705597352663,0.233,79152.21362284783,0.031272295771117925,0.019333333333333338,0.9810333551340746,0.9833333333333334,0.15239999999999998,0.15534639999999997,0.0029464,0.14986,0.030283148182957128
Gorland1970,gap_0.116in,760,79.58701389094144,0.007779005476649999,296.4833333333333,1.1559133346282615,1.829228628297114e-05,0.619107816927853,0.6191,116807.15020070752,0.025847559492054268,0.019333333333333338,0.9810333551340746,0.9833333333333334,0.15239999999999998,0.15534639999999997,0.0029464,0.14986,0.0012626276616072476
Gorland1970,gap_0.116in,1000,104.71975511965977,0.0121006751859,296.4833333333333,1.1559133346282615,1.829228628297114e-05,1.2671797422499915,1.267,153693.6186851414,0.023223745008505308,0.019333333333333338,0.9810333551340746,0.9833333333333334,0.15239999999999998,0.15534639999999997,0.0029464,0.14986,0.01418644435608692
Gorland1970,gap_0.116in,1245,130.3760951239764,0.017286678837,296.4833333333333,1.1559133346282615,1.829228628297114e-05,2.253769684430342,2.2538,191348.55526300106,0.021404028053469464,0.019333333333333338,0.9810333551340746,0.9833333333333334,0.15239999999999998,0.15534639999999997,0.0029464,0.14986,-0.0013450869490707676
Gorland1970,gap_0.116in,1480,154.98523757709646,0.0217495795825,296.4833333333333,1.1559133346282615,1.829228628297114e-05,3.370863758795729,3.349,227466.5556540093,0.01905680484938125,0.019333333333333338,0.9810333551340746,0.9833333333333334,0.15239999999999998,0.15534639999999997,0.0029464,0.14986,0.6528443952143523
Gorland1970,gap_0.116in,1729,181.06045660189176,0.02852302008105,296.4833333333333,1.1559133346282615,1.829228628297114e-05,5.164391039539841,5.164,265736.2667066095,0.018311679227957785,0.019333333333333338,0.9810333551340746,0.9833333333333334,0.15239999999999998,0.15534639999999997,0.0029464,0.14986,0.0075724155662511465
Gorland1970,gap_0.116in,1975,206.82151636132807,0.035437691615849996,296.4833333333333,1.1559133346282615,1.829228628297114e-05,7.329277116335218,7.329,303544.8969031543,0.01743628164623283,0.019333333333333338,0.9810333551340746,0.9833333333333334,0.15239999999999998,0.15534639999999997,0.0029464,0.14986,0.00378109339907805
Gorland1970,gap_0.116in,2220,232.4778563656447,0.0432166970925,296.4833333333333,1.1559133346282615,1.829228628297114e-05,10.04692509926779,10.05,341199.833481014,0.016829386100752273,0.019333333333333338,0.9810333551340746,0.9833333333333334,0.15239999999999998,0.15534639999999997,0.0029464,0.14986,-0.030596027186173082
Gorland1970,gap_0.116in,2450,256.56340004316644,0.050995702569149995,296.4833333333333,1.1559133346282615,1.829228628297114e-05,13.08363083873116,13.08,376549.3657785965,0.016305122335953028,0.019333333333333338,0.9810333551340746,0.9833333333333334,0.15239999999999998,0.15534639999999997,0.0029464,0.14986,0.02775870589572113
Gorland1970,gap_0.116in,2705,283.2669375986797,0.0587747080458,296.4833333333333,1.1559133346282615,1.829228628297114e-05,16.648931556390245,16.65,415741.2385433076,0.015416244605446694,0.019333333333333338,0.9810333551340746,0.9833333333333334,0.15239999999999998,0.15534639999999997,0.0029464,0.14986,-0.006417078737257925
Gorland1970,gap_0.116in,2955,309.4468763785946,0.06828238140615,296.4833333333333,1.1559133346282615,1.829228628297114e-05,21.129769637824946,21.13,454164.6432145929,0.015007776020469144,0.019333333333333338,0.9810333551340746,0.9833333333333334,0.15239999999999998,0.15534639999999997,0.0029464,0.14986,-0.001090213795801181
Gorland1970,gap_0.116in,3345,350.2875808752619,0.0847047263013,296.4833333333333,1.1559133346282615,1.829228628297114e-05,29.671013664783548,29.67,514105.154501798,0.014529077829349488,0.019333333333333338,0.9810333551340746,0.9833333333333334,0.15239999999999998,0.15534639999999997,0.0029464,0.14986,0.003416463712658982
Gorland1970,gap_0.116in,3830,401.0766621082969,0.10179368168755,297.0388888888889,1.1537514154358093,1.831871272291206e-05,40.82707007495702,42.6397,586698.017567465,0.013343167940443837,0.019333333333333338,0.9810333551340746,0.9833333333333334,0.15239999999999998,0.15534639999999997,0.0029464,0.14986,-4.25103817579152
Gorland1970,gap_0.116in,4247,444.74479999319504,0.12878575733565,297.0388888888889,1.1537514154358093,1.831871272291206e-05,57.276795888215815,57.28,650576.1045976564,0.013729002752770086,0.019333333333333338,0.9810333551340746,0.9833333333333334,0.15239999999999998,0.15534639999999997,0.0029464,0.14986,-0.0055937705729498435
Gorland1970,gap_0.116in,4604,482.1297525709136,0.1486654379982,297.59444444444443,1.151597568075614,1.8345115189102507e-05,71.67603083791866,71.68,702933.3734378512,0.013510971267927392,0.019333333333333338,0.9810333551340746,0.9833333333333334,0.15239999999999998,0.15534639999999997,0.0029464,0.14986,-0.0055373354929507835
Gorland1970,gap_0.116in,4845,507.3672135547516,0.163376062734,297.59444444444443,1.151597568075614,1.8345115189102507e-05,82.89165771089586,82.89,739728.9735678517,0.013407507496568789,0.019333333333333338,0.9810333551340746,0.9833333333333334,0.15239999999999998,0.15534639999999997,0.0029464,0.14986,0.001999892503143633
Gorland1970,gap_0.116in,5254,550.1975933986924,0.185747058876,297.59444444444443,1.151597568075614,1.8345115189102507e-05,102.19758477446042,102.198,802174.6186017529,0.012962506721159152,0.019333333333333338,0.9810333551340746,0.9833333333333334,0.15239999999999998,0.15534639999999997,0.0029464,0.14986,-0.0004062951716956489
Gorland1970,gap_0.116in,5651,591.7713361811973,0.21354132681,298.15,1.149451747425912,1.8371493734583912e-05,126.36763629625942,126.37,859943.9295665625,0.012905906133254375,0.019333333333333338,0.9810333551340746,0.9833333333333334,0.15239999999999998,0.15534639999999997,0.0029464,0.14986,-0.001870462721045193
Gorland1970,gap_0.116in,6070,635.6489135763348,0.24110962508599998,298.15,1.149451747425912,1.8371493734583912e-05,153.2610712387133,153.26,923705.4773436623,0.012629738119366239,0.019333333333333338,0.9810333551340746,0.9833333333333334,0.15239999999999998,0.15534639999999997,0.0029464,0.14986,0.0006989682326166487
Gorland1970,gap_0.116in,6456,676.0707390525235,0.27229343789,298.15,1.149451747425912,1.8371493734583912e-05,184.08962579344472,184.09,982445.2325750714,0.01260861290306233,0.019333333333333338,0.9810333551340746,0.9833333333333334,0.15239999999999998,0.15534639999999997,0.0029464,0.14986,-0.00020327370051525525
Gorland1970,gap_0.116in,6851,717.435042324789,0.30166949343,298.7055555555555,1.1473139087006237,1.8397848412234544e-05,216.42826578704972,216.43,1039124.8762779819,0.012427653189524632,0.019333333333333338,0.9810333551340746,0.9833333333333334,0.15239999999999998,0.15534639999999997,0.0029464,0.14986,-0.0008012812226965757
Gorland1970,gap_0.116in,7256,759.8465431482513,0.33364420003699996,299.26111111111106,1.1451840074462367,1.8424179274770107e-05,253.51839203957806,253.52,1096940.1926907543,0.012276135736752245,0.019333333333333338,0.9810333551340746,0.9833333333333334,0.15239999999999998,0.15534639999999997,0.0029464,0.14986,-0.0006342538742307839
Gorland1970,gap_0.116in,7653,801.4202859307562,0.367313679079,300.3722222222222,1.140947841180506,1.8476769764548863e-05,294.3726337137702,294.37,1149396.8671837735,0.01219427006994335,0.019333333333333338,0.9810333551340746,0.9833333333333334,0.15239999999999998,0.15534639999999997,0.0029464,0.14986,0.0008946950335273262
Gorland1970,gap_0.116in,7952,832.7314927115345,0.39239631111699996,301.4833333333333,1.136742899535748,1.852926562241358e-05,326.7607658909591,326.76,1186530.664178242,0.012110382149199227,0.019333333333333338,0.9810333551340746,0.9833333333333334,0.15239999999999998,0.15534639999999997,0.0029464,0.14986,0.00023438944763352334
Gorland1970,gap_0.116in,8541,894.4114284770142,0.446854998695,303.15,1.1304932821871538,1.860783288351041e-05,399.67221770488925,399.67,1262058.432071861,0.012020682199255025,0.019333333333333338,0.9810333551340746,0.9833333333333334,0.15239999999999998,0.15534639999999997,0.0029464,0.14986,0.0005548840016096076
Gorland1970,gap_0.116in,9032,945.828828240767,0.496116384139,305.3722222222222,1.1222665768389475,1.8712261880562167e-05,469.2411782812366,469.24,1317504.8513850272,0.012021747655496164,0.019333333333333338,0.9810333551340746,0.9833333333333334,0.15239999999999998,0.15534639999999997,0.0029464,0.14986,0.00025110417624350366
Gorland1970,gap_0.116in,9485,993.2668773099729,0.537581816382,307.0388888888889,1.1161746960954353,1.879033990146568e-05,533.9622120563723,533.96,1370356.0571137257,0.011876422849040898,0.019333333333333338,0.9810333551340746,0.9833333333333334,0.15239999999999998,0.15534639999999997,0.0029464,0.14986,0.0004142737980909613
Gorland1970,gap_0.116in,9998,1046.9881116863585,0.58865095909,309.26111111111106,1.1081543271436656,1.889412155222797e-05,616.3105561000029,616.31,1426215.74310676,0.01178906247422628,0.019333333333333338,0.9810333551340746,0.9833333333333334,0.15239999999999998,0.15534639999999997,0.0029464,0.14986,9.023056627276259e-05
Gorland1970,gap_0.116in,10485,1097.986632429633,0.6405109956009999,310.92777777777775,1.1022142857238448,1.8971717755902607e-05,703.2725110940933,703.27,1481584.3004694222,0.01172658643826741,0.019333333333333338,0.9810333551340746,0.9833333333333334,0.15239999999999998,0.15534639999999997,0.0029464,0.14986,0.00035705974850044767
Gorland1970,gap_0.116in,10960,1147.728516111471,0.692371032112,312.59444444444443,1.0963375856026876,1.9049109699604303e-05,794.6539772844734,794.65,1534188.5124056602,0.011663298815267531,0.019333333333333338,0.9810333551340746,0.9833333333333334,0.15239999999999998,0.15534639999999997,0.0029464,0.14986,0.0005005077044512181
Gorland1970,gap_0.116in,11448,1198.8317566098651,0.745925841058,314.26111111111106,1.0905232189988232,1.9126298705516356e-05,894.2395863362532,894.24,1587567.338576653,0.011578423191707465,0.019333333333333338,0.9810333551340746,0.9833333333333334,0.15239999999999998,0.15534639999999997,0.0029464,0.14986,-4.62586941790109e-05
Gorland1970,gap_0.116in,11920,1248.2594810263445,0.800384528636,316.4833333333333,1.0828659913477352,1.92289039617038e-05,999.0875763366887,999.08,1632657.1380850084,0.011540360740296176,0.019333333333333338,0.9810333551340746,0.9833333333333334,0.15239999999999998,0.15534639999999997,0.0029464,0.14986,0.0007583313336927621
Gorland1970,gap_0.116in,12635,1323.134105936901,0.887721801453,318.7055555555555,1.0753155460300596,1.933115383968366e-05,1174.5749920862104,1174.6,1709432.4573794906,0.011471980324259567,0.019333333333333338,0.9810333551340746,0.9833333333333334,0.15239999999999998,0.15534639999999997,0.0029464,0.14986,-0.002129057874129297
Gorland1970,gap_0.116in,13380,1401.1503235010475,0.9775447405079999,323.15,1.060526190608187,1.9534599564650294e-05,1369.6871293995316,1369.7,1766735.560531458,0.01142223110583142,0.019333333333333338,0.9810333551340746,0.9833333333333334,0.15239999999999998,0.15534639999999997,0.0029464,0.14986,-0.0009396656544083962
Gorland1970,gap_0.116in,14100,1476.5485471872028,1.069175436827,325.92777777777775,1.0514876664753,1.9661048045214454e-05,1578.6894379351495,1578.7,1834066.9423881439,0.011346305928028379,0.019333333333333338,0.9810333551340746,0.9833333333333334,0.15239999999999998,0.15534639999999997,0.0029464,0.14986,-0.0006690355894436212
Gorland1970,gap_0.116in,15047,1575.7181552855207,1.193684718385,330.3722222222222,1.0373421717777325,1.986225407649424e-05,1880.9106824461282,1880.9,1911357.7147768189,0.01127497747363072,0.019333333333333338,0.9810333551340746,0.9833333333333334,0.15239999999999998,0.15534639999999997,0.0029464,0.14986,0.0005679433318176196
Gorland1970,gap_0.116in,15762,1650.5927801960775,1.286106308507,333.15,1.0286928965782252,1.9987321863972598e-05,2122.8377873862833,2122.8,1973063.2608042797,0.011163912037488156,0.019333333333333338,0.9810333551340746,0.9833333333333334,0.15239999999999998,0.15534639999999997,0.0029464,0.14986,0.0017800728416747266
Gorland1970,gap_0.116in,16482,1725.9910038822322,1.3708449302569998,337.0388888888889,1.0168234283730269,2.016154256589958e-05,2366.066017341148,2366.07,2021763.0211696692,0.011009583540056581,0.019333333333333338,0.9810333551340746,0.9833333333333334,0.15239999999999998,0.15534639999999997,0.0029464,0.14986,-0.00016832379651647515
Gorland1970,gap_0.116in,17451,1827.4644465931826,1.5134317844549998,342.0388888888889,1.0019592789823513,2.0384063642447188e-05,2765.742778435589,2765.7,2086306.8090485558,0.011003226848413655,0.019333333333333338,0.9810333551340746,0.9833333333333334,0.15239999999999998,0.15534639999999997,0.0029464,0.14986,0.0015467489456303348
Gorland1970,gap_0.116in,18672,1955.3272675942872,1.686298572825,348.7055555555555,0.9828034943378913,2.0678223023905886e-05,3297.2655807500532,3297.3,2158454.3476054315,0.010917772183140181,0.019333333333333338,0.9810333551340746,0.9833333333333334,0.15239999999999998,0.15534639999999997,0.0029464,0.14986,-0.0010438616427668093
Gorland1970,gap_0.116in,19620,2054.601595447725,1.824592003521,354.81666666666666,0.9658763826249303,2.0945378629261018e-05,3748.8096414754073,3748.8,2200548.2041907487,0.010886646943145076,0.019333333333333338,0.9810333551340746,0.9833333333333334,0.15239999999999998,0.15534639999999997,0.0029464,0.14986,0.000257188311115004
Gorland1970,gap_0.116in,20566,2153.666483790923,1.9542985872129999,360.3722222222222,0.9509862785253892,2.118622574805303e-05,4208.90736660059,4208.9,2245272.4038686175,0.0107786638792626,0.019333333333333338,0.9810333551340746,0.9833333333333334,0.15239999999999998,0.15534639999999997,0.0029464,0.14986,0.0001750243671767728
Gorland1970,gap_0.116in,21752,2277.8641133628394,2.14445205442,370.3722222222222,0.9253097773877094,2.1615023248029904e-05,4884.770377590532,4884.8,2264796.529182797,0.01086622579113616,0.019333333333333338,0.9810333551340746,0.9833333333333334,0.15239999999999998,0.15534639999999997,0.0029464,0.14986,-0.0006064201086671867
Gorland1970,gap_0.116in,22990,2407.507170200978,2.325905689794,379.26111111111106,0.9036229353729683,2.1991219794185534e-05,5599.634625390307,5599.6,2297605.4331173897,0.010803757755929587,0.019333333333333338,0.9810333551340746,0.9833333333333334,0.15239999999999998,0.15534639999999997,0.0029464,0.14986,0.0006183547093764932
Gorland1970,gap_0.116in,24020,2515.3685179742274,2.481485799327,387.59444444444443,0.884194919218347,2.2339799999273543e-05,6241.851257427246,6241.8,2312279.289677774,0.010791099519112312,0.019333333333333338,0.9810333551340746,0.9833333333333334,0.15239999999999998,0.15534639999999997,0.0029464,0.14986,0.0008211962454120272
Gorland1970,gap_0.236in,1203,125.9778654089507,0.012157167600399999,295.3722222222222,1.1670513974419574,1.8239361268853492e-05,1.5315340237172472,1.531,187216.67885234422,0.015968314994599584,0.03933333333333334,0.9621552277100704,0.9833333333333334,0.15239999999999998,0.1583944,0.0059943999999999996,0.14986,0.03488071307951089
Gorland1970,gap_0.236in,1496,156.66075365901102,0.016495785034,295.3722222222222,1.1670513974419574,1.8239361268853492e-05,2.5842421156234745,2.584,232814.7560790582,0.014010955157338285,0.03933333333333334,0.9621552277100704,0.9833333333333334,0.15239999999999998,0.1583944,0.0059943999999999996,0.14986,0.009369799670062923
Gorland1970,gap_0.236in,1786,187.02948264371236,0.0208344024676,295.3722222222222,1.1670513974419574,1.8239361268853492e-05,3.8966475147061117,3.896,277945.9587949184,0.012415839276176824,0.03933333333333334,0.9621552277100704,0.9833333333333334,0.15239999999999998,0.1583944,0.0059943999999999996,0.14986,0.016619987323198047
Gorland1970,gap_0.236in,2075,217.29349187329402,0.0286416541515,295.3722222222222,1.1670513974419574,1.8239361268853492e-05,6.223645043606663,6.223,322921.53667382733,0.012645029182058865,0.03933333333333334,0.9621552277100704,0.9833333333333334,0.15239999999999998,0.1583944,0.0059943999999999996,0.14986,0.010365476565366091
Gorland1970,gap_0.236in,2378,249.02357767455092,0.03728499357,295.3722222222222,1.1670513974419574,1.8239361268853492e-05,9.284842492374027,9.285,370075.8622700537,0.012533383071254128,0.03933333333333334,0.9621552277100704,0.9833333333333334,0.15239999999999998,0.1583944,0.0059943999999999996,0.14986,-0.0016963664617447155
Gorland1970,gap_0.236in,2676,280.23006470020954,0.04688870403499999,295.3722222222222,1.1670513974419574,1.8239361268853492e-05,13.139624565437025,13.13,416452.0636815238,0.012446692288167742,0.03933333333333334,0.9621552277100704,0.9833333333333334,0.15239999999999998,0.1583944,0.0059943999999999996,0.14986,0.07330209776865153
Gorland1970,gap_0.236in,2976,311.6459912361075,0.057283308303,295.3722222222222,1.1670513974419574,1.8239361268853492e-05,17.85211339737198,17.86,463139.5147668965,0.012294763523059521,0.03933333333333334,0.9621552277100704,0.9833333333333334,0.15239999999999998,0.1583944,0.0059943999999999996,0.14986,-0.044157909451397234
Gorland1970,gap_0.236in,3262,341.59584120033014,0.06767791257099999,295.92777777777775,1.164860451082219,1.8265835816074696e-05,23.11849347537314,23.12,505960.7871458665,0.012113037614168914,0.03933333333333334,0.9621552277100704,0.9833333333333334,0.15239999999999998,0.1583944,0.0059943999999999996,0.14986,-0.006516109977776644
Gorland1970,gap_0.236in,3565,373.32592700158705,0.079880274103,295.92777777777775,1.164860451082219,1.8265835816074696e-05,29.82137737864334,29.82,552958.3709917272,0.011970009697846187,0.03933333333333334,0.9621552277100704,0.9833333333333334,0.15239999999999998,0.1583944,0.0059943999999999996,0.14986,0.004618976000470896
Gorland1970,gap_0.236in,3855,403.6946559862884,0.09377740806999998,295.92777777777775,1.164860451082219,1.8265835816074696e-05,37.85743849010443,37.86,597939.5568508018,0.012017758830401062,0.03933333333333334,0.9621552277100704,0.9833333333333334,0.15239999999999998,0.1583944,0.0059943999999999996,0.14986,-0.00676574193230622
Gorland1970,gap_0.236in,4152,434.7964232568274,0.106770663405,295.92777777777775,1.164860451082219,1.8265835816074696e-05,46.423502557252625,46.42,644006.4954719921,0.0117953620470863,0.03933333333333334,0.9621552277100704,0.9833333333333334,0.15239999999999998,0.1583944,0.0059943999999999996,0.14986,0.007545362457181639
Gorland1970,gap_0.236in,4436,464.53683371081075,0.11976391874,296.4833333333333,1.1626777155882204,1.829228628297114e-05,55.634751604278435,55.63,685774.6835965073,0.011612654337179715,0.03933333333333334,0.9621552277100704,0.9833333333333334,0.15239999999999998,0.1583944,0.0059943999999999996,0.14986,0.008541442168672215
Gorland1970,gap_0.236in,4483,469.4586622014348,0.124170327071,296.4833333333333,1.1626777155882204,1.829228628297114e-05,58.29283563186626,58.29,693040.5560331702,0.011788781637632667,0.03933333333333334,0.9621552277100704,0.9833333333333334,0.15239999999999998,0.1583944,0.0059943999999999996,0.14986,0.004864696974200855
Gorland1970,gap_0.236in,4826,505.37753820747804,0.14066611210500002,296.4833333333333,1.1626777155882204,1.829228628297114e-05,71.08949344484203,71.09,746065.9655177512,0.01152400465339355,0.03933333333333334,0.9621552277100704,0.9833333333333334,0.15239999999999998,0.1583944,0.0059943999999999996,0.14986,-0.0007125547305796122
Gorland1970,gap_0.236in,5002,523.8082151085381,0.148462065306,296.4833333333333,1.1626777155882204,1.829228628297114e-05,77.76564943926309,77.77,773274.3388975945,0.011321831813488432,0.03933333333333334,0.9621552277100704,0.9833333333333334,0.15239999999999998,0.1583944,0.0059943999999999996,0.14986,-0.005594137504063097
Gorland1970,gap_0.236in,5204,544.9616056427095,0.161455320641,296.4833333333333,1.1626777155882204,1.829228628297114e-05,87.98695077607785,87.99,804502.1310721877,0.011375391742653774,0.03933333333333334,0.9621552277100704,0.9833333333333334,0.15239999999999998,0.1583944,0.0059943999999999996,0.14986,-0.003465420982097225
Gorland1970,gap_0.236in,5486,574.4925765864535,0.17365768217299998,296.4833333333333,1.1626777155882204,1.829228628297114e-05,99.7650492755982,99.77,848097.365692164,0.011009585528671671,0.03933333333333334,0.9621552277100704,0.9833333333333334,0.15239999999999998,0.1583944,0.0059943999999999996,0.14986,-0.004962137317625097
Gorland1970,gap_0.236in,5711,598.054521488377,0.186650937508,296.4833333333333,1.1626777155882204,1.829228628297114e-05,111.62743711670389,111.62,882880.7975698045,0.010919290779165503,0.03933333333333334,0.9621552277100704,0.9833333333333334,0.15239999999999998,0.1583944,0.0059943999999999996,0.14986,0.0066628890018664766
Gorland1970,gap_0.236in,5911,618.9984725123089,0.20054807147499998,296.4833333333333,1.1626777155882204,1.829228628297114e-05,124.13894990831434,124.14,913799.403683263,0.010951791002439286,0.03933333333333334,0.9621552277100704,0.9833333333333334,0.15239999999999998,0.1583944,0.0059943999999999996,0.14986,-0.0008458930930044543
Gorland1970,gap_0.236in,6108,639.6282642708818,0.21263744817799998,296.4833333333333,1.1626777155882204,1.829228628297114e-05,136.0089218970837,136.0,944254.2307050196,0.01087502517551365,0.03933333333333334,0.9621552277100704,0.9833333333333334,0.15239999999999998,0.1583944,0.0059943999999999996,0.14986,0.006560218443893592
Gorland1970,gap_0.236in,6305,660.2580560294549,0.21964250757599998,297.59444444444443,1.1583366932588448,1.8345115189102507e-05,145.02073507356457,145.02,968273.4279444169,0.010581794474731227,0.03933333333333334,0.9621552277100704,0.9833333333333334,0.15239999999999998,0.1583944,0.0059943999999999996,0.14986,0.0005068773717803976
Gorland1970,gap_0.236in,6502,680.8878477880278,0.238736943677,297.59444444444443,1.1583366932588448,1.8345115189102507e-05,162.55308376772413,162.55,998527.1734329257,0.01081530596497142,0.03933333333333334,0.9621552277100704,0.9833333333333334,0.15239999999999998,0.1583944,0.0059943999999999996,0.14986,0.0018971194857710792
Gorland1970,gap_0.236in,6705,702.1459580773188,0.250035426577,297.59444444444443,1.1583366932588448,1.8345115189102507e-05,175.56136414717878,175.56,1029702.3527941814,0.010651655036107726,0.03933333333333334,0.9621552277100704,0.9833333333333334,0.15239999999999998,0.1583944,0.0059943999999999996,0.14986,0.0007770261897792324
Gorland1970,gap_0.236in,6905,723.0899091012507,0.259526152213,297.59444444444443,1.1583366932588448,1.8345115189102507e-05,187.66074181309554,187.66,1060416.8152190638,0.010424779380468792,0.03933333333333334,0.9621552277100704,0.9833333333333334,0.15239999999999998,0.1583944,0.0059943999999999996,0.14986,0.0003952963314208304
Gorland1970,gap_0.236in,7108,744.3480193905416,0.276925815879,298.15,1.1561783153110208,1.8371493734583912e-05,206.12918256764345,206.13,1087993.5527455346,0.01051699604561541,0.03933333333333334,0.9621552277100704,0.9833333333333334,0.15239999999999998,0.1583944,0.0059943999999999996,0.14986,-0.00039656156626464046
Gorland1970,gap_0.236in,7227,756.8096702497811,0.28472176907999996,298.15,1.1561783153110208,1.8371493734583912e-05,215.4801881703691,215.48,1106208.4138564966,0.010459903285846006,0.03933333333333334,0.9621552277100704,0.9833333333333334,0.15239999999999998,0.1583944,0.0059943999999999996,0.14986,8.732614122610203e-05
Gorland1970,gap_0.236in,7402,775.1356273957216,0.291613843649,298.7055555555555,1.1540279659976669,1.8397848412234544e-05,226.04027965414548,226.04,1129267.7612329174,0.01023155320598291,0.03933333333333334,0.9621552277100704,0.9833333333333334,0.15239999999999998,0.1583944,0.0059943999999999996,0.14986,0.0001237188751933416
Gorland1970,gap_0.236in,7601,795.9748586645339,0.30731873488,298.7055555555555,1.1540279659976669,1.8397848412234544e-05,244.61798656107138,244.62,1159627.7023954885,0.010225373090300364,0.03933333333333334,0.9621552277100704,0.9833333333333334,0.15239999999999998,0.1583944,0.0059943999999999996,0.14986,-0.000823088434563149
Gorland1970,gap_0.236in,7727,809.1695478096111,0.31680946051599995,299.81666666666666,1.1497511747511728,1.845048637474419e-05,256.3525679075385,256.35,1171131.0812473148,0.010238123880374284,0.03933333333333334,0.9621552277100704,0.9833333333333334,0.15239999999999998,0.1583944,0.0059943999999999996,0.14986,0.0010017193440575204
Gorland1970,gap_0.236in,7968,834.407008793449,0.338502547684,300.92777777777775,1.1455059657687625,1.8503029496415146e-05,282.4488982819683,282.49,1199782.1368111344,0.010325565838641262,0.03933333333333334,0.9621552277100704,0.9833333333333334,0.15239999999999998,0.1583944,0.0059943999999999996,0.14986,-0.014549795756207901
Gorland1970,gap_0.236in,8277,866.765413125424,0.359404741049,301.4833333333333,1.1433950955054926,1.852926562241358e-05,311.5195988545725,311.52,1242251.772521206,0.010178633827017124,0.03933333333333334,0.9621552277100704,0.9833333333333334,0.15239999999999998,0.1583944,0.0059943999999999996,0.14986,-0.00012877036064284892
Gorland1970,gap_0.236in,8769,918.2875326442966,0.39058855385299995,302.0388888888889,1.1412919905052061,1.85554781944547e-05,358.6725993967753,358.67,1311816.9569640001,0.009873486286487217,0.03933333333333334,0.9621552277100704,0.9833333333333334,0.15239999999999998,0.1583944,0.0059943999999999996,0.14986,0.0007247321424376427
Gorland1970,gap_0.236in,9257,969.3907731426905,0.434087713018,303.15,1.1371089055252541,1.860783288351041e-05,420.80062373426136,420.8,1375862.644694847,0.009882864241206926,0.03933333333333334,0.9621552277100704,0.9833333333333334,0.15239999999999998,0.1583944,0.0059943999999999996,0.14986,0.00014822582256489845
Gorland1970,gap_0.236in,9725,1018.3996185386912,0.473067479023,304.26111111111106,1.1329563724103304,1.8660093975686832e-05,481.7717401800835,481.77,1436109.3900572446,0.009794417484336427,0.03933333333333334,0.9621552277100704,0.9833333333333334,0.15239999999999998,0.1583944,0.0059943999999999996,0.14986,0.0003612055718529489
Gorland1970,gap_0.236in,10200,1068.1415022205297,0.512160229857,305.3722222222222,1.1288340576672649,1.8712261880562167e-05,547.0595972970679,547.06,1496588.9723370224,0.009674384164470765,0.03933333333333334,0.9621552277100704,0.9833333333333334,0.15239999999999998,0.1583944,0.0059943999999999996,0.14986,-7.361220562503653e-05
Gorland1970,gap_0.236in,10674,1117.7786661472485,0.5512529806909999,306.4833333333333,1.1247416326390154,1.8764337005204865e-05,616.1788214664808,616.18,1556127.9283197953,0.00954314906379828,0.03933333333333334,0.9621552277100704,0.9833333333333334,0.15239999999999998,0.1583944,0.0059943999999999996,0.14986,-0.00019126448750745695
Gorland1970,gap_0.236in,11172,1169.929104196839,0.598932578529,308.15,1.1186583310400156,1.8842276613563408e-05,700.7086550727358,700.71,1613219.8797180394,0.00951626541270246,0.03933333333333334,0.9621552277100704,0.9833333333333334,0.15239999999999998,0.1583944,0.0059943999999999996,0.14986,-0.00019193778655923475
Gorland1970,gap_0.236in,11635,1218.4143508172415,0.63384489069,309.26111111111106,1.1146392233782414,1.889412155222797e-05,772.2857110088818,772.28,1669446.6927740036,0.009318882199986996,0.03933333333333334,0.9621552277100704,0.9833333333333334,0.15239999999999998,0.1583944,0.0059943999999999996,0.14986,0.0007394997775163848
Gorland1970,gap_0.236in,12365,1294.859772054593,0.6988111673649999,312.0388888888889,1.1047166779033337,1.9023334998723556e-05,904.8624688834477,904.86,1746453.100118436,0.00917843442200039,0.03933333333333334,0.9621552277100704,0.9833333333333334,0.15239999999999998,0.1583944,0.0059943999999999996,0.14986,0.0002728470092284645
Gorland1970,gap_0.236in,13044,1365.964485780842,0.7682968372,314.26111111111106,1.096904938352689,1.9126298705516356e-05,1049.4661941529453,1049.47,1819480.4759847673,0.009132430968126373,0.03933333333333334,0.9621552277100704,0.9833333333333334,0.15239999999999998,0.1583944,0.0059943999999999996,0.14986,-0.00036264467347937
Gorland1970,gap_0.236in,13751,1440.0013526504415,0.84173697605,316.4833333333333,1.0892029007635395,1.92289039617038e-05,1212.1023840878922,1212.1,1894467.2108251199,0.009066652624111519,0.03933333333333334,0.9621552277100704,0.9833333333333334,0.15239999999999998,0.1583944,0.0059943999999999996,0.14986,0.000196690693203845
Gorland1970,gap_0.236in,14785,1548.2815794441697,0.95020241189,319.81666666666666,1.0778505332533663,1.938214646175867e-05,1471.1808910727086,1471.18,1999753.8922627517,0.008946699580587813,0.03933333333333334,0.9621552277100704,0.9833333333333334,0.15239999999999998,0.1583944,0.0059943999999999996,0.14986,6.056857138860844e-05
Gorland1970,gap_0.236in,15747,1649.0219838692824,1.0507589097,322.59444444444443,1.0685694395749141,1.950924510559987e-05,1732.7245418418183,1732.7,2097773.8332057386,0.008797364804852104,0.03933333333333334,0.9621552277100704,0.9833333333333334,0.15239999999999998,0.1583944,0.0059943999999999996,0.14986,0.001416393017734794
Gorland1970,gap_0.236in,16608,1739.1856930273095,1.1411467729,325.92777777777775,1.05764095058204,1.9661048045214454e-05,1984.6661410719644,1984.67,2172938.733725679,0.0086779371608887,0.03933333333333334,0.9621552277100704,0.9833333333333334,0.15239999999999998,0.1583944,0.0059943999999999996,0.14986,-0.00019443675954679203
Gorland1970,gap_0.236in,17768,1860.6606089661148,1.2755987194099998,330.92777777777775,1.0416610144508964,1.9887309582523982e-05,2373.4562900538062,2373.4,2263536.3518765555,0.008605151043741875,0.03933333333333334,0.9621552277100704,0.9833333333333334,0.15239999999999998,0.1583944,0.0059943999999999996,0.14986,0.0023717053090988142
Gorland1970,gap_0.236in,18234,1909.4600148518762,1.34564931339,332.0388888888889,1.0381752747803394,1.993735758393434e-05,2569.4635579310866,2569.5,2309317.1762443315,0.008648588550822218,0.03933333333333334,0.9621552277100704,0.9833333333333334,0.15239999999999998,0.1583944,0.0059943999999999996,0.14986,-0.0014182552602997542
Gorland1970,gap_0.236in,18560,1943.5986550208852,1.37163582406,334.26111111111106,1.031273316731706,2.003720277218096e-05,2665.9095428214796,2665.9,2323342.3648248003,0.008565584808143904,0.03933333333333334,0.9621552277100704,0.9833333333333334,0.15239999999999998,0.1583944,0.0059943999999999996,0.14986,0.00035795871861282313
